{
    "Capri": {
        "description": "Execute tactical plans provided by Gemini",
        "tasks": [
            "Convert strategic plans into task queues",
            "Allocate resources and dispatch Legion agents",
            "Monitor execution flow and report back"
        ],
        "input_channels": [
            "strategy.triumvirate_standup"
        ],
        "output_channels": [
            "execution.triumvirate_standup"
        ]
    },
    "Gemini": {
        "description": "Translate Oracle's vision into structured strategy",
        "tasks": [
            "Interpret Oracle directives",
            "Structure tasks into logical operations",
            "Communicate strategy to Capri and Aria"
        ],
        "input_channels": [
            "oracle.directives.triumvirate_standup"
        ],
        "output_channels": [
            "strategy.triumvirate_standup"
        ]
    },
    "Oracle": {
        "description": "Define project vision and core directives",
        "tasks": [
            "Issue high-level goals",
            "Guide mission purpose and ethical intent",
            "Trigger system-wide rollouts and updates"
        ],
        "input_channels": [],
        "output_channels": [
            "oracle.directives.triumvirate_standup"
        ]
    },
    "Aria": {
        "description": "Manage knowledge flow, analytics, and insights",
        "tasks": [
            "Store all operational data",
            "Provide analytics and meta-evaluations",
            "Recommend APIs, tools, and integrations"
        ],
        "input_channels": [
            "execution.triumvirate_standup",
            "strategy.triumvirate_standup"
        ],
        "output_channels": [
            "intelligence.triumvirate_standup"
        ]
    },
    "Conjuror": {
        "description": "Bridge Oracle's abstract visions into structured form",
        "tasks": [
            "Extract concepts and symbols",
            "Translate into directives",
            "Feed into Triumvirate pipeline"
        ],
        "input_channels": [
            "visions.oracle"
        ],
        "output_channels": [
            "oracle.directives.triumvirate_standup"
        ]
    }
}